{"cameraMode":{"drawMode":0,"name":"Shaded","section":"Shading Mode"},"sceneLighting":true,"audioPlay":false,"sceneViewState":{"m_AlwaysRefresh":false,"showFog":true,"showSkybox":true,"showFlares":true,"showImageEffects":true,"showParticleSystems":true,"showVisualEffectGraphs":true,"m_FxEnabled":true},"in2DMode":false,"pivot":{"x":26.657793045043947,"y":1.879088044166565,"z":2.1455092430114748},"rotation":{"x":0.21369560062885285,"y":-0.019048191606998445,"z":0.004167580045759678,"w":0.976706326007843},"size":2.063030242919922,"orthographic":false}